{"cameraMode":{"drawMode":0,"name":"Shaded","section":"Shading Mode"},"sceneLighting":false,"audioPlay":false,"sceneViewState":{"m_AlwaysRefresh":false,"showFog":false,"showSkybox":false,"showFlares":false,"showImageEffects":false,"showParticleSystems":false,"showVisualEffectGraphs":true,"m_FxEnabled":true},"in2DMode":false,"pivot":{"x":17.82699966430664,"y":-0.7751832008361816,"z":-23.491561889648439},"rotation":{"x":-0.014105584472417832,"y":-0.9610417485237122,"z":0.27156978845596316,"w":-0.049911774694919589},"size":30.001564025878908,"orthographic":true}