{"cameraMode":{"drawMode":0,"name":"Shaded","section":"Shading Mode"},"sceneLighting":false,"audioPlay":false,"sceneViewState":{"m_AlwaysRefresh":false,"showFog":false,"showSkybox":false,"showFlares":false,"showImageEffects":false,"showParticleSystems":false,"showVisualEffectGraphs":true,"m_FxEnabled":true},"in2DMode":false,"pivot":{"x":-10.24431037902832,"y":27.085559844970704,"z":26.030834197998048},"rotation":{"x":0.22381526231765748,"y":-0.13783837854862214,"z":0.03172793239355087,"w":0.9644203782081604},"size":31.109333038330079,"orthographic":true}