{"cameraMode":{"drawMode":0,"name":"Shaded","section":"Shading Mode"},"sceneLighting":false,"audioPlay":false,"sceneViewState":{"m_AlwaysRefresh":false,"showFog":false,"showSkybox":false,"showFlares":false,"showImageEffects":false,"showParticleSystems":false,"showVisualEffectGraphs":true,"m_FxEnabled":true},"in2DMode":false,"pivot":{"x":35.950035095214847,"y":-9.549213409423829,"z":20.114727020263673},"rotation":{"x":0.44417282938957217,"y":0.10198118537664414,"z":-0.051046572625637057,"w":0.8886882066726685},"size":51.467166900634769,"orthographic":false}