{"cameraMode":{"drawMode":0,"name":"Shaded","section":"Shading Mode"},"sceneLighting":false,"audioPlay":false,"sceneViewState":{"m_AlwaysRefresh":false,"showFog":false,"showSkybox":false,"showFlares":false,"showImageEffects":false,"showParticleSystems":false,"showVisualEffectGraphs":true,"m_FxEnabled":true},"in2DMode":false,"pivot":{"x":-6.506902694702148,"y":22.25592803955078,"z":-25.630626678466798},"rotation":{"x":0.23666982352733613,"y":-0.059708599001169208,"z":0.014573777094483376,"w":0.9696468114852905},"size":16.569673538208009,"orthographic":true}