{"cameraMode":{"drawMode":0,"name":"Shaded","section":"Shading Mode"},"sceneLighting":false,"audioPlay":false,"sceneViewState":{"m_AlwaysRefresh":false,"showFog":false,"showSkybox":false,"showFlares":false,"showImageEffects":false,"showParticleSystems":false,"showVisualEffectGraphs":true,"m_FxEnabled":true},"in2DMode":false,"pivot":{"x":-0.2766000032424927,"y":-1.4880000352859498,"z":0.6529998779296875},"rotation":{"x":0.6191586852073669,"y":-0.17965945601463319,"z":0.1480099856853485,"w":0.7501120567321777},"size":0.18779650330543519,"orthographic":true}