{"cameraMode":{"drawMode":0,"name":"Shaded","section":"Shading Mode"},"sceneLighting":false,"audioPlay":false,"sceneViewState":{"m_AlwaysRefresh":false,"showFog":false,"showSkybox":false,"showFlares":false,"showImageEffects":false,"showParticleSystems":false,"showVisualEffectGraphs":true,"m_FxEnabled":true},"in2DMode":false,"pivot":{"x":0.03721556067466736,"y":0.4886552691459656,"z":0.16381463408470155},"rotation":{"x":0.019550593569874765,"y":0.9788774251937866,"z":-0.11296804994344711,"w":0.16933639347553254},"size":1.649611473083496,"orthographic":true}