{"cameraMode":{"drawMode":0,"name":"Shaded","section":"Shading Mode"},"sceneLighting":false,"audioPlay":false,"sceneViewState":{"m_AlwaysRefresh":false,"showFog":false,"showSkybox":false,"showFlares":false,"showImageEffects":false,"showParticleSystems":false,"showVisualEffectGraphs":true,"m_FxEnabled":true},"in2DMode":false,"pivot":{"x":3.1700000762939455,"y":-1.4800000190734864,"z":0.3100000023841858},"rotation":{"x":0.6191586852073669,"y":-0.17965945601463319,"z":0.1480099856853485,"w":0.7501120567321777},"size":0.18779641389846803,"orthographic":true}